run,evnum,evname,startsec,endsec
1.1.1,1,prepare_tea,5.903,174.57999999999998
1.1.1,2,prepare_milk,174.58100000000002,206.114
1.1.1,3,look_at_text_message,206.115,239.608
1.1.1,4,prepare_a_bagel,239.609,552.44
1.1.1,5,prepare_cereal,552.441,627.264
1.1.1,6,prepare_toast,627.265,808.196
1.1.1,7,prepare_yogurt_with_granola,808.197,890.777
1.1.10,1,prepare_orange_juice,5.406,35.749
1.1.10,2,prepare_tea,35.75,204.916
1.1.10,3,clean_a_surface,204.917,266.738
1.1.10,4,prepare_toast,266.739,456.68
1.1.10,5,prepare_yogurt_with_granola,456.681,546.021
1.1.10,6,prepare_a_bagel,546.022,791.001
1.1.10,7,prepare_hot_oatmeal,791.002,893.364
1.1.2,1,prepare_hot_oatmeal,2.909,127.627
1.1.2,2,prepare_a_bagel,127.628,381.126
1.1.2,3,prepare_yogurt_with_granola,381.127,499.238
1.1.2,4,prepare_fresh_fruit,499.239,581.828
1.1.2,5,take_objects_out_of_drawers,581.829,619.359
1.1.2,6,prepare_milk,619.36,651.645
1.1.2,7,prepare_tea,651.646,737.988
1.1.3,1,put_objects_in_drawers,4.906,19.88
1.1.3,2,prepare_milk,19.881,63.667
1.1.3,3,prepare_orange_juice,63.668,102.463
1.1.3,4,prepare_fresh_fruit,102.464,224.327
1.1.3,5,prepare_toast,224.328,400.751
1.1.3,6,prepare_cereal,400.752,478.844
1.1.3,7,prepare_a_bagel,478.845,744.364
1.1.4,1,prepare_fresh_fruit,2.654,91.908
1.1.4,2,prepare_toast,91.90899999999999,222.75900000000001
1.1.4,3,prepare_instant_coffee,222.76,320.111
1.1.4,4,prepare_orange_juice,320.112,353.133
1.1.4,5,prepare_cereal,353.134,421.968
1.1.4,6,prepare_a_bagel,421.969,655.182
1.1.4,7,clean_a_surface,655.183,715.26
1.1.5,1,prepare_fresh_fruit,4.906,100.083
1.1.5,2,prepare_toast,100.084,292.497
1.1.5,3,prepare_cereal,292.498,352.081
1.1.5,4,prepare_a_bagel,352.082,606.323
1.1.5,5,prepare_milk,606.324,629.3389999999999
1.1.5,6,prepare_orange_juice,629.34,661.0
1.1.5,7,torso_rotations,682.148,703.642
1.1.6,1,prepare_a_bagel,4.913,371.937
1.1.6,2,prepare_hot_oatmeal,371.938,488.054
1.1.6,3,prepare_milk,488.055,517.569
1.1.6,4,prepare_tea,517.57,591.41
1.1.6,5,look_at_text_message,591.4110000000001,650.722
1.1.6,6,prepare_toast,650.723,863.143
1.1.6,7,prepare_fresh_fruit,863.144,965.033
1.1.7,1,prepare_a_bagel,4.405,222.754
1.1.7,2,prepare_hot_oatmeal,222.755,339.61
1.1.7,3,clean_a_surface,339.611,387.152
1.1.7,4,prepare_orange_juice,387.153,431.438
1.1.7,5,prepare_instant_coffee,431.439,524.0
1.1.7,6,prepare_fresh_fruit,524.001,613.395
1.1.7,7,prepare_yogurt_with_granola,613.396,732.759
1.1.8,1,take_a_pill,3.41,38.829
1.1.8,2,prepare_instant_coffee,38.83,131.193
1.1.8,3,prepare_orange_juice,131.194,159.973
1.1.8,4,prepare_fresh_fruit,159.974,264.831
1.1.8,5,prepare_toast,264.832,428.485
1.1.8,6,prepare_cereal,428.486,491.551
1.1.8,7,prepare_a_bagel,491.552,727.784
1.1.9,1,prepare_hot_oatmeal,3.153,166.797
1.1.9,2,prepare_a_bagel,166.797,355.979
1.1.9,3,put_objects_in_drawers,370.49,391.001
1.1.9,4,prepare_yogurt_with_granola,391.002,484.866
1.1.9,5,prepare_toast,484.867,619.74
1.1.9,6,prepare_milk,619.741,646.514
1.1.9,7,prepare_tea,646.515,728.355
1.2.1,1,bicep_curls,5.652,84.712
1.2.1,2,sit_ups,84.713,127.998
1.2.1,3,eat_a_granola_bar,127.999,181.053
1.2.1,4,drink_sport_drink,181.054,199.567
1.2.1,5,do_stair_steps,199.568,267.131
1.2.1,6,jump_rope,267.132,357.974
1.2.1,7,clean_a_surface,357.975,436.312
1.2.10,1,eat_a_granola_bar,11.919,62.782
1.2.10,2,drink_water,63.532,105.316
1.2.10,3,look_at_text_message,105.93299999999999,163.88
1.2.10,4,jump_rope,163.881,345.814
1.2.10,5,perform_jumping_jacks,362.498,450.665
1.2.10,6,shoulder_press,482.192,587.552
1.2.10,7,push_ups,597.098,679.139
1.2.2,1,torso_rotations,7.403,66.212
1.2.2,2,eat_a_granola_bar,66.213,119.26599999999999
1.2.2,3,drink_sport_drink,119.267,146.518
1.2.2,4,perform_jumping_jacks,146.519,217.348
1.2.2,5,jump_rope,228.351,354.742
1.2.2,6,push_ups,358.004,463.836
1.2.2,7,sit_ups,465.365,543.929
1.2.3,1,eat_a_granola_bar,5.403,56.812
1.2.3,2,drink_sport_drink,56.813,81.583
1.2.3,3,clean_a_surface,81.584,152.653
1.2.3,4,bicep_curls,152.654,283.541
1.2.3,5,push_ups,283.54200000000003,345.588
1.2.3,6,perform_jumping_jacks,345.589,429.187
1.2.3,7,do_stair_steps,439.55,581.06
1.2.4,1,sit_ups,6.397,95.485
1.2.4,2,shoulder_press,95.48599999999999,213.111
1.2.4,3,put_objects_in_drawers,213.112,234.624
1.2.4,4,do_stair_steps,239.624,386.023
1.2.4,5,perform_jumping_jacks,390.025,479.367
1.2.4,6,eat_a_granola_bar,479.368,545.934
1.2.4,7,drink_sport_drink,545.935,575.946
1.2.5,1,push_ups,11.442,61.0
1.2.5,2,sit_ups,67.988,164.834
1.2.5,3,eat_a_granola_bar,164.835,225.643
1.2.5,4,drink_sport_drink,225.644,250.415
1.2.5,5,jump_rope,250.416,362.791
1.2.5,6,perform_jumping_jacks,370.79,450.079
1.2.5,7,take_objects_out_of_drawers,461.132,478.897
1.2.6,1,torso_rotations,7.111,77.678
1.2.6,2,sit_ups,77.679,171.02
1.2.6,3,push_ups,192.046,247.455
1.2.6,4,do_stair_steps,251.612,415.038
1.2.6,5,jump_rope,415.039,546.155
1.2.6,6,eat_a_granola_bar,562.916,632.241
1.2.6,7,drink_sport_drink,632.242,670.538
1.2.7,1,sit_ups,3.709,71.544
1.2.7,2,bicep_curls,71.545,164.865
1.2.7,3,torso_rotations,164.86599999999999,230.698
1.2.7,4,do_stair_steps,230.699,343.293
1.2.7,5,jump_rope,343.294,431.8
1.2.7,6,drink_sport_drink,431.801,447.156
1.2.7,7,eat_a_granola_bar,447.157,488.934
1.2.8,1,sit_ups,10.405,78.488
1.2.8,2,push_ups,78.489,141.028
1.2.8,3,look_at_text_message,141.029,204.095
1.2.8,4,do_stair_steps,204.096,332.223
1.2.8,5,perform_jumping_jacks,338.223,412.317
1.2.8,6,drink_sport_drink,421.308,469.111
1.2.8,7,eat_a_granola_bar,469.112,536.926
1.2.9,1,do_stair_steps,8.577,154.981
1.2.9,2,perform_jumping_jacks,154.981,245.56
1.2.9,3,put_objects_in_drawers,266.307,291.31600000000003
1.2.9,4,shoulder_press,303.87,428.264
1.2.9,5,bicep_curls,431.995,570.134
1.2.9,6,drink_sport_drink,583.893,615.948
1.2.9,7,eat_a_granola_bar,619.549,674.239
1.3.1,1,use_vacuum_attachment,3.41,80.009
1.3.1,2,use_hand_duster,80.01,131.538
1.3.1,3,take_objects_out_of_drawers,131.539,153.055
1.3.1,4,put_cases_on_pillows,159.054,276.427
1.3.1,5,fold_blanket_or_comforter,276.428,342.004
1.3.1,6,fold_shirts_or_pants,342.005,481.0
1.3.1,7,fold_socks,481.001,536.935
1.3.10,1,use_hand_duster,8.017,76.833
1.3.10,2,vacuum_floor,76.834,182.19
1.3.10,3,take_objects_out_of_drawers,197.951,227.732
1.3.10,4,fold_shirts_or_pants,227.733,370.63
1.3.10,5,fold_towels,370.631,458.962
1.3.10,6,fold_blanket_or_comforter,458.963,518.52
1.3.10,7,put_cases_on_pillows,518.521,575.831
1.3.2,1,fold_blanket_or_comforter,8.675,68.61
1.3.2,2,put_on_bed_sheets,68.611,165.45499999999998
1.3.2,3,look_at_text_message,165.45600000000002,297.087
1.3.2,4,vacuum_floor,297.088,408.221
1.3.2,5,use_hand_duster,408.222,485.526
1.3.2,6,fold_socks,485.527,583.37
1.3.2,7,fold_shirts_or_pants,583.371,661.0
1.3.3,1,use_hand_duster,5.189,55.467
1.3.3,2,vacuum_floor,55.467,156.076
1.3.3,3,put_on_bed_sheets,156.077,277.466
1.3.3,4,fold_blanket_or_comforter,277.466,333.756
1.3.3,5,look_at_text_message,333.757,400.804
1.3.3,6,fold_socks,400.805,474.901
1.3.3,7,fold_shirts_or_pants,474.902,566.963
1.3.4,1,fold_blanket_or_comforter,8.665,58.899
1.3.4,2,put_cases_on_pillows,58.9,165.25
1.3.4,3,vacuum_floor,165.251,253.089
1.3.4,4,use_hand_duster,253.09,303.139
1.3.4,5,fold_socks,303.14,384.215
1.3.4,6,fold_shirts_or_pants,384.216,501.789
1.3.4,7,look_at_text_message,501.79,576.902
1.3.5,1,fold_shirts_or_pants,7.916,121.718
1.3.5,2,fold_socks,121.719,201.817
1.3.5,3,put_on_bed_sheets,201.818,331.91700000000003
1.3.5,4,fold_blanket_or_comforter,331.918,390.985
1.3.5,5,use_hand_duster,390.986,465.052
1.3.5,6,use_vacuum_attachment,465.053,616.452
1.3.5,7,clean_a_surface,616.453,707.02
1.3.6,1,fold_socks,7.173,91.957
1.3.6,2,fold_shirts_or_pants,91.958,282.14
1.3.6,3,look_at_text_message,282.141,345.694
1.3.6,4,use_vacuum_attachment,345.694,468.83299999999997
1.3.6,5,use_hand_duster,468.834,527.884
1.3.6,6,put_cases_on_pillows,527.885,609.715
1.3.6,7,put_on_bed_sheets,609.716,724.822
1.3.7,1,fold_socks,9.993,71.31
1.3.7,2,fold_towels,71.311,181.919
1.3.7,3,vacuum_floor,181.92,286.362
1.3.7,4,use_vacuum_attachment,286.363,399.636
1.3.7,5,fold_blanket_or_comforter,399.637,447.698
1.3.7,6,put_on_bed_sheets,447.699,559.557
1.3.7,7,take_a_pill,559.558,599.844
1.3.8,1,put_on_bed_sheets,8.295,96.41
1.3.8,2,fold_blanket_or_comforter,96.411,152.442
1.3.8,3,use_hand_duster,152.44299999999998,207.744
1.3.8,4,vacuum_floor,207.745,321.114
1.3.8,5,torso_rotations,321.115,373.171
1.3.8,6,fold_shirts_or_pants,373.172,499.538
1.3.8,7,fold_socks,499.539,549.341
1.3.9,1,use_hand_duster,7.115,73.7
1.3.9,2,vacuum_floor,73.701,192.808
1.3.9,3,fold_towels,192.809,304.67
1.3.9,4,fold_shirts_or_pants,304.671,435.789
1.3.9,5,look_at_text_message,435.79,538.9
1.3.9,6,put_cases_on_pillows,538.901,612.99
1.3.9,7,put_on_bed_sheets,612.991,722.827
2.2.1,1,clean_a_surface,1.927,46.635
2.2.1,2,shoulder_press,46.636,148.96
2.2.1,3,bicep_curls,151.974,258.094
2.2.1,4,do_stair_steps,266.33,374.721
2.2.1,5,perform_jumping_jacks,388.457,462.781
2.2.1,6,drink_water,471.293,518.841
2.2.1,7,eat_a_granola_bar,518.842,570.135
2.2.10,1,push_ups,13.112,47.636
2.2.10,2,bicep_curls,47.637,152.999
2.2.10,3,drink_water,153.0,202.309
2.2.10,4,eat_a_granola_bar,202.31,267.612
2.2.10,5,put_objects_in_drawers,267.613,294.364
2.2.10,6,perform_jumping_jacks,315.125,403.997
2.2.10,7,do_stair_steps,442.291,573.67
2.2.2,1,bicep_curls,8.658,98.107
2.2.2,2,push_ups,98.108,178.666
2.2.2,3,perform_jumping_jacks,189.923,272.262
2.2.2,4,do_stair_steps,302.555,385.875
2.2.2,5,clean_a_surface,385.876,444.939
2.2.2,6,eat_a_granola_bar,444.94,499.242
2.2.2,7,drink_water,499.243,542.546
2.2.3,1,shoulder_press,9.737,113.593
2.2.3,2,push_ups,122.839,191.675
2.2.3,3,look_at_text_message,191.676,248.475
2.2.3,4,perform_jumping_jacks,255.732,325.441
2.2.3,5,do_stair_steps,352.716,429.542
2.2.3,6,drink_sport_drink,429.543,484.606
2.2.3,7,eat_a_granola_bar,484.607,535.646
2.2.4,1,take_a_pill,8.446,46.229
2.2.4,2,eat_a_granola_bar,46.23,89.023
2.2.4,3,drink_water,89.024,127.063
2.2.4,4,push_ups,127.064,195.374
2.2.4,5,shoulder_press,195.375,307.248
2.2.4,6,do_stair_steps,323.26,413.588
2.2.4,7,perform_jumping_jacks,426.339,497.672
2.2.5,1,shoulder_press,8.202,116.589
2.2.5,2,bicep_curls,129.077,231.925
2.2.5,3,look_at_text_message,231.926,279.973
2.2.5,4,eat_a_granola_bar,279.974,323.766
2.2.5,5,drink_water,323.767,361.059
2.2.5,6,perform_jumping_jacks,373.562,449.154
2.2.5,7,do_stair_steps,463.662,548.237
2.2.6,1,perform_jumping_jacks,13.444,87.05
2.2.6,2,do_stair_steps,109.815,194.139
2.2.6,3,push_ups,200.905,238.439
2.2.6,4,bicep_curls,243.197,354.055
2.2.6,5,look_at_text_message,354.056,404.366
2.2.6,6,eat_a_granola_bar,404.367,472.447
2.2.6,7,drink_sport_drink,472.448,513.716
2.2.7,1,shoulder_press,8.915,117.872
2.2.7,2,push_ups,117.87299999999999,155.925
2.2.7,3,eat_a_granola_bar,155.926,233.018
2.2.7,4,drink_sport_drink,233.019,282.544
2.2.7,5,take_objects_out_of_drawers,282.545,309.07
2.2.7,6,perform_jumping_jacks,323.834,411.699
2.2.7,7,do_stair_steps,419.189,557.827
2.2.8,1,perform_jumping_jacks,22.165,108.09
2.2.8,2,do_stair_steps,108.09100000000001,216.44299999999998
2.2.8,3,look_at_text_message,216.44400000000002,288.76800000000003
2.2.8,4,push_ups,288.769,331.487
2.2.8,5,shoulder_press,336.771,444.39
2.2.8,6,drink_sport_drink,445.198,493.978
2.2.8,7,eat_a_granola_bar,493.979,559.3
2.2.9,1,perform_jumping_jacks,17.174,113.194
2.2.9,2,do_stair_steps,113.195,250.31
2.2.9,3,eat_a_granola_bar,250.311,305.371
2.2.9,4,drink_water,305.372,353.671
2.2.9,5,look_at_text_message,353.672,409.512
2.2.9,6,bicep_curls,409.513,519.322
2.2.9,7,shoulder_press,519.323,625.693
2.3.1,1,use_hand_duster,3.661,78.087
2.3.1,2,use_vacuum_attachment,78.088,148.655
2.3.1,3,clean_a_surface,148.656,206.962
2.3.1,4,fold_shirts_or_pants,206.963,318.826
2.3.1,5,fold_socks,318.827,398.149
2.3.1,6,put_on_bed_sheets,398.15,490.99
2.3.1,7,put_cases_on_pillows,490.991,550.556
2.3.10,1,clean_a_surface,3.688,49.621
2.3.10,2,vacuum_floor,49.622,163.985
2.3.10,3,use_hand_duster,165.159,212.739
2.3.10,4,put_cases_on_pillows,213.838,265.594
2.3.10,5,fold_blanket_or_comforter,265.594,316.892
2.3.10,6,fold_shirts_or_pants,316.89300000000003,446.764
2.3.10,7,fold_socks,446.765,511.339
2.3.2,1,torso_rotations,2.405,20.568
2.3.2,2,use_vacuum_attachment,20.569,109.40299999999999
2.3.2,3,use_hand_duster,109.404,216.005
2.3.2,4,fold_socks,216.006,288.58299999999997
2.3.2,5,fold_shirts_or_pants,288.584,410.206
2.3.2,6,put_on_bed_sheets,410.207,467.029
2.3.2,7,put_cases_on_pillows,467.03,535.576
2.3.3,1,put_cases_on_pillows,3.156,79.876
2.3.3,2,put_on_bed_sheets,79.877,150.195
2.3.3,3,fold_shirts_or_pants,150.196,291.075
2.3.3,4,fold_socks,291.076,358.644
2.3.3,5,look_at_text_message,358.645,437.255
2.3.3,6,vacuum_floor,437.256,580.872
2.3.3,7,use_hand_duster,580.873,680.983
2.3.4,1,take_objects_out_of_drawers,3.568,32.596
2.3.4,2,vacuum_floor,32.597,170.23
2.3.4,3,use_hand_duster,170.231,275.836
2.3.4,4,put_cases_on_pillows,275.837,337.906
2.3.4,5,fold_blanket_or_comforter,337.907,391.201
2.3.4,6,fold_socks,391.202,471.036
2.3.4,7,fold_shirts_or_pants,471.037,579.417
2.3.5,1,fold_towels,3.418,61.143
2.3.5,2,fold_socks,61.144,130.707
2.3.5,3,take_a_pill,130.708,156.96800000000002
2.3.5,4,use_vacuum_attachment,156.96699999999998,229.05700000000002
2.3.5,5,use_hand_duster,229.058,339.164
2.3.5,6,put_cases_on_pillows,339.165,418.748
2.3.5,7,put_on_bed_sheets,418.749,487.063
2.3.6,1,fold_towels,2.905,54.119
2.3.6,2,fold_shirts_or_pants,54.12,173.96699999999998
2.3.6,3,use_hand_duster,173.96800000000002,282.327
2.3.6,4,vacuum_floor,282.328,411.707
2.3.6,5,clean_a_surface,411.70799999999997,479.275
2.3.6,6,fold_blanket_or_comforter,479.276,541.0
2.3.6,7,put_on_bed_sheets,541.0,627.173
2.3.7,1,look_at_text_message,5.94,50.409
2.3.7,2,fold_towels,52.741,117.519
2.3.7,3,fold_shirts_or_pants,120.355,279.509
2.3.7,4,fold_blanket_or_comforter,281.46500000000003,325.784
2.3.7,5,put_on_bed_sheets,326.787,412.97
2.3.7,6,vacuum_floor,436.901,567.345
2.3.7,7,use_vacuum_attachment,568.215,618.265
2.3.8,1,fold_shirts_or_pants,3.906,124.852
2.3.8,2,fold_towels,124.853,185.901
2.3.8,3,use_vacuum_attachment,185.902,259.229
2.3.8,4,vacuum_floor,259.23,379.849
2.3.8,5,clean_a_surface,379.85,471.435
2.3.8,6,put_on_bed_sheets,471.436,525.992
2.3.8,7,fold_blanket_or_comforter,525.993,578.794
2.3.9,1,take_a_pill,9.651,36.183
2.3.9,2,fold_blanket_or_comforter,36.184,93.741
2.3.9,3,put_cases_on_pillows,93.74199999999999,149.049
2.3.9,4,use_vacuum_attachment,149.05,205.85
2.3.9,5,use_hand_duster,205.851,265.425
2.3.9,6,fold_towels,265.426,301.699
2.3.9,7,fold_shirts_or_pants,301.67,395.04
2.4.1,1,shave_face,5.284,223.865
2.4.1,2,wash_face,223.86599999999999,331.969
2.4.1,3,put_objects_in_drawers,331.97,357.997
2.4.1,4,comb_hair,357.998,400.801
2.4.1,5,floss_teeth,400.802,578.468
2.4.1,6,use_mouthwash,578.469,640.779
2.4.10,1,floss_teeth,5.119,175.787
2.4.10,2,use_mouthwash,175.788,229.847
2.4.10,3,take_a_pill,229.848,252.599
2.4.10,4,brush_hair,252.6,294.906
2.4.10,5,wash_face,294.907,411.259
2.4.10,6,apply_lotion,411.26,464.319
2.4.2,1,take_objects_out_of_drawers,4.851,37.131
2.4.2,2,wash_face,37.132,159.257
2.4.2,3,shave_face,159.258,346.696
2.4.2,4,brush_teeth,346.697,500.846
2.4.2,5,apply_chapstick,500.847,521.863
2.4.2,6,brush_hair,521.864,574.163
2.4.3,1,clean_a_surface,4.669,69.619
2.4.3,2,brush_teeth,69.62,224.02
2.4.3,3,use_mouthwash,224.02100000000002,274.074
2.4.3,4,shave_face,274.075,475.749
2.4.3,5,wash_face,475.75,594.645
2.4.3,6,brush_hair,594.646,640.687
2.4.4,1,brush_teeth,6.36,163.709
2.4.4,2,use_mouthwash,163.71,215.258
2.4.4,3,comb_hair,215.25900000000001,264.304
2.4.4,4,wash_face,264.305,397.647
2.4.4,5,apply_lotion,397.648,459.747
2.4.4,6,look_at_text_message,459.748,537.831
2.4.5,1,brush_teeth,5.667,159.63
2.4.5,2,use_mouthwash,159.631,212.188
2.4.5,3,shave_face,212.189,425.658
2.4.5,4,wash_face,425.659,537.513
2.4.5,5,comb_hair,537.514,583.3
2.4.5,6,clean_a_surface,583.301,641.617
2.4.6,1,brush_teeth,5.081,159.238
2.4.6,2,floss_teeth,159.239,349.43
2.4.6,3,shave_face,349.431,506.33299999999997
2.4.6,4,apply_lotion,506.334,563.894
2.4.6,5,brush_hair,563.895,604.435
2.4.6,6,clean_a_surface,604.436,685.26
2.4.7,1,put_objects_in_drawers,6.414,28.432
2.4.7,2,brush_hair,28.433,68.458
2.4.7,3,wash_face,68.459,174.065
2.4.7,4,shave_face,174.066,327.968
2.4.7,5,use_mouthwash,327.969,385.78
2.4.7,6,apply_chapstick,385.781,415.058
2.4.8,1,shave_face,5.405,170.47899999999998
2.4.8,2,apply_lotion,170.48,219.28199999999998
2.4.8,3,torso_rotations,219.28300000000002,239.534
2.4.8,4,floss_teeth,239.535,411.726
2.4.8,5,apply_chapstick,411.727,436.748
2.4.8,6,brush_hair,436.747,487.043
2.4.9,1,wash_face,5.906,107.541
2.4.9,2,shave_face,107.542,267.441
2.4.9,3,take_objects_out_of_drawers,267.442,292.962
2.4.9,4,comb_hair,292.963,354.282
2.4.9,5,brush_teeth,354.283,505.433
2.4.9,6,use_mouthwash,505.434,562.228
3.1.1,1,prepare_fresh_fruit,3.406,51.546
3.1.1,2,prepare_toast,51.547,213.445
3.1.1,3,prepare_cereal,213.446,291.537
3.1.1,4,prepare_a_bagel,291.538,443.94
3.1.1,5,prepare_orange_juice,443.941,478.485
3.1.1,6,prepare_milk,478.486,519.771
3.1.1,7,put_objects_in_drawers,519.772,538.043
3.1.10,1,prepare_orange_juice,3.159,37.395
3.1.10,2,prepare_milk,37.396,74.94
3.1.10,3,prepare_toast,74.941,203.06
3.1.10,4,prepare_yogurt_with_granola,203.061,301.0
3.1.10,5,prepare_a_bagel,301.543,455.313
3.1.10,6,prepare_cereal,455.314,533.139
3.1.10,7,take_objects_out_of_drawers,533.14,551.912
3.1.2,1,prepare_instant_coffee,3.041,153.68099999999998
3.1.2,2,prepare_milk,153.68200000000002,186.705
3.1.2,3,prepare_a_bagel,186.706,317.603
3.1.2,4,prepare_cereal,317.604,407.694
3.1.2,5,prepare_yogurt_with_granola,407.695,518.554
3.1.2,6,prepare_toast,518.555,636.176
3.1.2,7,look_at_text_message,636.177,659.2
3.1.3,1,put_objects_in_drawers,4.243,21.753
3.1.3,2,prepare_fresh_fruit,21.754,70.80199999999999
3.1.3,3,prepare_yogurt_with_granola,70.803,170.4
3.1.3,4,prepare_a_bagel,170.401,342.33
3.1.3,5,prepare_cereal,342.331,417.901
3.1.3,6,prepare_milk,417.902,462.945
3.1.3,7,prepare_tea,462.946,573.549
3.1.4,1,prepare_fresh_fruit,3.655,72.65
3.1.4,2,prepare_tea,72.651,145.724
3.1.4,3,take_objects_out_of_drawers,145.725,163.49
3.1.4,4,prepare_toast,163.49099999999999,289.616
3.1.4,5,prepare_yogurt_with_granola,289.617,391.21
3.1.4,6,prepare_hot_oatmeal,391.211,495.322
3.1.4,7,prepare_a_bagel,495.323,666.497
3.1.5,1,prepare_toast,3.905,131.667
3.1.5,2,prepare_yogurt_with_granola,131.668,231.528
3.1.5,3,prepare_hot_oatmeal,231.529,322.375
3.1.5,4,prepare_a_bagel,322.376,477.523
3.1.5,5,put_objects_in_drawers,477.524,504.303
3.1.5,6,prepare_milk,504.304,546.839
3.1.5,7,prepare_instant_coffee,546.84,637.179
3.1.6,1,prepare_fresh_fruit,3.851,66.905
3.1.6,2,prepare_yogurt_with_granola,66.906,174.272
3.1.6,3,prepare_a_bagel,174.273,335.439
3.1.6,4,prepare_cereal,335.44,410.514
3.1.6,5,prepare_milk,410.515,443.293
3.1.6,6,prepare_instant_coffee,443.294,581.681
3.1.6,7,torso_rotations,581.682,589.69
3.1.7,1,prepare_yogurt_with_granola,5.657,98.064
3.1.7,2,prepare_fresh_fruit,98.065,143.1
3.1.7,3,torso_rotations,143.101,155.617
3.1.7,4,prepare_milk,155.618,197.916
3.1.7,5,prepare_instant_coffee,197.917,398.35699999999997
3.1.7,6,prepare_cereal,398.358,473.69
3.1.7,7,prepare_a_bagel,473.69100000000003,648.624
3.1.8,1,take_objects_out_of_drawers,3.421,20.578
3.1.8,2,prepare_tea,20.579,84.39099999999999
3.1.8,3,prepare_orange_juice,84.392,125.931
3.1.8,4,prepare_fresh_fruit,125.932,204.517
3.1.8,5,prepare_toast,204.518,330.135
3.1.8,6,prepare_a_bagel,330.135,493.804
3.1.8,7,prepare_cereal,493.805,566.875
3.1.9,1,prepare_fresh_fruit,3.391,65.454
3.1.9,2,prepare_yogurt_with_granola,65.455,166.801
3.1.9,3,prepare_orange_juice,166.802,215.607
3.1.9,4,prepare_tea,215.608,302.694
3.1.9,5,prepare_a_bagel,302.695,459.102
3.1.9,6,prepare_hot_oatmeal,459.103,575.4639999999999
3.1.9,7,take_a_pill,575.465,612.49
3.3.1,1,fold_socks,2.172,84.456
3.3.1,2,take_objects_out_of_drawers,84.457,117.977
3.3.1,3,put_on_bed_sheets,117.977,190.3
3.3.1,4,fold_towels,190.301,261.369
3.3.1,5,use_hand_duster,261.37,299.911
3.3.1,6,use_vacuum_attachment,299.912,427.79
3.3.1,7,put_cases_on_pillows,427.791,622.982
3.3.10,1,vacuum_floor,14.915,85.206
3.3.10,2,fold_socks,85.207,166.525
3.3.10,3,put_on_bed_sheets,166.526,233.837
3.3.10,4,fold_shirts_or_pants,233.838,387.991
3.3.10,5,take_objects_out_of_drawers,387.992,417.777
3.3.10,6,use_hand_duster,417.778,473.074
3.3.10,7,fold_blanket_or_comforter,473.075,520.5360000000001
3.3.2,1,clean_a_surface,4.157,76.008
3.3.2,2,fold_towels,76.009,150.076
3.3.2,3,vacuum_floor,150.077,226.654
3.3.2,4,put_cases_on_pillows,226.655,411.08
3.3.2,5,put_on_bed_sheets,411.081,492.425
3.3.2,6,fold_socks,492.426,563.495
3.3.2,7,use_vacuum_attachment,563.496,698.875
3.3.3,1,fold_shirts_or_pants,4.666,165.418
3.3.3,2,fold_blanket_or_comforter,165.41899999999998,203.18
3.3.3,3,look_at_text_message,203.181,219.451
3.3.3,4,put_on_bed_sheets,219.452,278.005
3.3.3,5,fold_towels,278.006,353.58299999999997
3.3.3,6,vacuum_floor,353.584,416.64300000000003
3.3.3,7,use_vacuum_attachment,416.644,555.52
3.3.4,1,use_vacuum_attachment,3.172,94.50399999999999
3.3.4,2,use_hand_duster,94.505,127.78
3.3.4,3,fold_blanket_or_comforter,127.781,171.834
3.3.4,4,fold_socks,171.835,242.149
3.3.4,5,fold_shirts_or_pants,242.15,372.031
3.3.4,6,take_objects_out_of_drawers,372.032,408.074
3.3.4,7,put_on_bed_sheets,408.075,486.143
3.3.5,1,fold_socks,2.406,80.28399999999999
3.3.5,2,fold_blanket_or_comforter,80.285,127.822
3.3.5,3,fold_shirts_or_pants,127.82300000000001,324.544
3.3.5,4,torso_rotations,324.545,389.089
3.3.5,5,put_cases_on_pillows,389.09,578.766
3.3.5,6,use_vacuum_attachment,578.767,784.244
3.3.5,7,use_hand_duster,784.245,845.067
3.3.6,1,vacuum_floor,14.416,78.366
3.3.6,2,put_objects_in_drawers,78.367,102.89099999999999
3.3.6,3,use_vacuum_attachment,102.892,232.27
3.3.6,4,fold_towels,232.27100000000002,314.353
3.3.6,5,fold_blanket_or_comforter,314.354,348.14300000000003
3.3.6,6,fold_shirts_or_pants,348.14300000000003,523.562
3.3.6,7,put_on_bed_sheets,523.563,592.879
3.3.8,1,fold_shirts_or_pants,2.916,148.736
3.3.8,2,use_vacuum_attachment,148.737,313.173
3.3.8,3,look_at_text_message,313.174,337.923
3.3.8,4,fold_blanket_or_comforter,337.924,387.241
3.3.8,5,put_cases_on_pillows,387.242,558.593
3.3.8,6,fold_towels,558.594,644.751
3.3.8,7,use_hand_duster,644.752,697.039
3.3.9,1,put_objects_in_drawers,16.582,35.601
3.3.9,2,put_cases_on_pillows,35.602,223.53
3.3.9,3,fold_blanket_or_comforter,223.531,270.331
3.3.9,4,fold_socks,270.332,363.682
3.3.9,5,vacuum_floor,363.683,460.526
3.3.9,6,use_hand_duster,460.527,517.5889999999999
3.3.9,7,fold_towels,517.59,596.903
3.4.1,1,wash_face,5.155,84.257
3.4.1,2,shave_face,84.258,128.8
3.4.1,3,use_hair_gel,128.801,182.849
3.4.1,4,clean_a_surface,182.85,246.421
3.4.1,5,floss_teeth,246.422,306.226
3.4.1,6,apply_chapstick,306.227,339.748
3.4.10,1,brush_teeth,7.417,177.329
3.4.10,2,use_mouthwash,177.32999999999998,266.709
3.4.10,3,wash_face,266.71,388.578
3.4.10,4,apply_lotion,388.579,501.69
3.4.10,5,use_hair_gel,501.691,567.007
3.4.10,6,look_at_text_message,567.008,593.281
3.4.2,1,shave_face,4.383,68.945
3.4.2,2,wash_face,68.946,167.28300000000002
3.4.2,3,brush_teeth,167.284,292.399
3.4.2,4,apply_chapstick,292.4,314.193
3.4.2,5,torso_rotations,314.194,332.957
3.4.2,6,comb_hair,332.95799999999997,367.499
3.4.3,1,brush_teeth,4.165,177.412
3.4.3,2,use_mouthwash,177.413,237.728
3.4.3,3,wash_face,237.72899999999998,332.311
3.4.3,4,apply_lotion,332.312,417.895
3.4.3,5,put_objects_in_drawers,417.896,458.946
3.4.3,6,comb_hair,458.947,489.468
3.4.4,1,shave_face,5.167,75.369
3.4.4,2,wash_face,75.37,160.945
3.4.4,3,blowdry_hair,160.946,226.766
3.4.4,4,floss_teeth,226.766,288.832
3.4.4,5,apply_chapstick,288.83299999999997,312.099
3.4.4,6,look_at_text_message,312.1,343.378
3.4.5,1,take_a_pill,4.653,54.296
3.4.5,2,wash_face,54.297,144.874
3.4.5,3,apply_lotion,144.875,260.752
3.4.5,4,use_hair_gel,260.753,334.063
3.4.5,5,use_mouthwash,334.064,408.876
3.4.5,6,apply_chapstick,408.877,433.428
3.4.6,1,take_a_pill,5.097,62.645
3.4.6,2,shave_face,62.646,131.974
3.4.6,3,wash_face,131.975,228.56
3.4.6,4,use_hair_gel,228.561,291.131
3.4.6,5,floss_teeth,291.132,409.477
3.4.6,6,use_mouthwash,409.478,497.065
3.4.7,1,use_hair_gel,4.162,98.172
3.4.7,2,wash_face,98.173,204.53
3.4.7,3,shave_face,204.531,287.113
3.4.7,4,put_objects_in_drawers,287.114,330.658
3.4.7,5,use_mouthwash,330.659,419.741
3.4.7,6,apply_chapstick,419.742,450.764
3.4.8,1,wash_face,6.116,115.47200000000001
3.4.8,2,shave_face,115.473,188.546
3.4.8,3,blowdry_hair,188.547,272.38
3.4.8,4,floss_teeth,272.381,366.716
3.4.8,5,apply_chapstick,366.717,393.506
3.4.8,6,take_objects_out_of_drawers,393.507,437.783
3.4.9,1,floss_teeth,7.335,150.452
3.4.9,2,use_mouthwash,150.453,251.824
3.4.9,3,use_hair_gel,251.825,335.402
3.4.9,4,wash_face,335.403,454.775
3.4.9,5,shave_face,454.776,546.618
3.4.9,6,look_at_text_message,546.619,582.659
4.1.1,1,prepare_milk,3.153,63.083
4.1.1,2,prepare_tea,63.084,202.46699999999998
4.1.1,3,prepare_yogurt_with_granola,202.468,351.129
4.1.1,4,prepare_toast,351.13,693.967
4.1.1,5,clean_a_surface,693.968,778.552
4.1.1,6,prepare_cereal,778.553,909.178
4.1.1,7,prepare_a_bagel,909.179,1291.85
4.1.10,1,prepare_cereal,3.659,73.228
4.1.10,2,prepare_a_bagel,73.229,312.461
4.1.10,3,take_objects_out_of_drawers,312.462,333.98199999999997
4.1.10,4,prepare_tea,333.983,376.279
4.1.10,5,prepare_milk,376.28,405.305
4.1.10,6,prepare_toast,405.306,582.732
4.1.10,7,prepare_yogurt_with_granola,582.733,655.802
4.1.2,1,look_at_text_message,3.653,33.13
4.1.2,2,prepare_fresh_fruit,33.131,161.503
4.1.2,3,prepare_toast,161.504,395.223
4.1.2,4,prepare_cereal,395.224,477.319
4.1.2,5,prepare_a_bagel,477.32,741.832
4.1.2,6,prepare_milk,741.833,781.379
4.1.2,7,prepare_tea,781.38,906.494
4.1.3,1,prepare_fresh_fruit,3.63,93.721
4.1.3,2,prepare_yogurt_with_granola,93.72200000000001,183.307
4.1.3,3,take_objects_out_of_drawers,183.308,207.579
4.1.3,4,prepare_orange_juice,207.57999999999998,250.371
4.1.3,5,prepare_milk,250.372,274.9
4.1.3,6,prepare_cereal,274.901,344.457
4.1.3,7,prepare_a_bagel,344.45799999999997,574.975
4.1.4,1,prepare_milk,4.064,35.099
4.1.4,2,prepare_orange_juice,35.1,63.873
4.1.4,3,prepare_hot_oatmeal,63.874,129.17
4.1.4,4,prepare_a_bagel,129.171,394.696
4.1.4,5,look_at_text_message,394.697,441.052
4.1.4,6,prepare_yogurt_with_granola,441.053,529.59
4.1.4,7,prepare_fresh_fruit,529.591,620.183
4.1.5,1,prepare_hot_oatmeal,3.407,62.892
4.1.5,2,prepare_a_bagel,62.893,291.622
4.1.5,3,prepare_yogurt_with_granola,291.623,356.179
4.1.5,4,prepare_fresh_fruit,356.18,426.752
4.1.5,5,prepare_orange_juice,426.753,464.547
4.1.5,6,prepare_milk,464.548,489.304
4.1.5,7,take_objects_out_of_drawers,489.305,503.831
4.1.6,1,prepare_a_bagel,3.654,228.285
4.1.6,2,prepare_cereal,228.286,297.362
4.1.6,3,look_at_text_message,297.363,356.672
4.1.6,4,prepare_instant_coffee,356.673,450.265
4.1.6,5,prepare_milk,450.266,484.768
4.1.6,6,prepare_fresh_fruit,484.769,587.646
4.1.6,7,prepare_toast,587.647,801.117
4.1.7,1,prepare_cereal,3.916,72.80799999999999
4.1.7,2,prepare_a_bagel,72.809,310.793
4.1.7,3,put_objects_in_drawers,310.794,324.552
4.1.7,4,prepare_toast,324.553,486.465
4.1.7,5,prepare_fresh_fruit,486.466,587.321
4.1.7,6,prepare_milk,587.322,618.865
4.1.7,7,prepare_orange_juice,618.866,653.882
4.1.8,1,prepare_yogurt_with_granola,3.64,99.235
4.1.8,2,prepare_fresh_fruit,99.23599999999999,177.061
4.1.8,3,clean_a_surface,177.062,228.115
4.1.8,4,prepare_a_bagel,228.11599999999999,440.823
4.1.8,5,prepare_cereal,440.824,509.642
4.1.8,6,prepare_orange_juice,509.64300000000003,546.175
4.1.8,7,prepare_tea,546.176,626.76
4.1.9,1,prepare_toast,3.409,212.647
4.1.9,2,prepare_yogurt_with_granola,212.648,281.971
4.1.9,3,prepare_tea,281.972,337.782
4.1.9,4,prepare_orange_juice,337.783,373.82
4.1.9,5,put_objects_in_drawers,373.821,387.331
4.1.9,6,prepare_cereal,387.332,468.164
4.1.9,7,prepare_a_bagel,468.165,717.658
4.3.1,1,take_objects_out_of_drawers,3.403,21.762
4.3.1,2,fold_shirts_or_pants,21.763,167.15800000000002
4.3.1,3,fold_socks,167.159,231.722
4.3.1,4,use_vacuum_attachment,231.723,384.874
4.3.1,5,vacuum_floor,384.875,482.973
4.3.1,6,put_on_bed_sheets,482.974,551.542
4.3.1,7,put_cases_on_pillows,551.543,665.397
4.3.10,1,clean_a_surface,3.156,43.134
4.3.10,2,put_on_bed_sheets,43.135,83.169
4.3.10,3,fold_blanket_or_comforter,83.17,130.716
4.3.10,4,use_vacuum_attachment,130.717,230.316
4.3.10,5,vacuum_floor,230.317,324.408
4.3.10,6,fold_shirts_or_pants,324.409,406.986
4.3.10,7,fold_towels,406.987,453.038
4.3.2,1,clean_a_surface,3.654,58.823
4.3.2,2,put_cases_on_pillows,58.824,146.911
4.3.2,3,fold_blanket_or_comforter,146.912,193.209
4.3.2,4,use_vacuum_attachment,193.21,346.109
4.3.2,5,vacuum_floor,346.11,423.689
4.3.2,6,fold_shirts_or_pants,423.69,574.836
4.3.2,7,fold_socks,574.837,613.346
4.3.3,1,use_vacuum_attachment,3.459,109.562
4.3.3,2,vacuum_floor,109.563,213.16
4.3.3,3,fold_socks,213.161,266.976
4.3.3,4,fold_towels,266.977,334.537
4.3.3,5,put_cases_on_pillows,334.538,421.122
4.3.3,6,fold_blanket_or_comforter,421.123,466.176
4.3.3,7,torso_rotations,466.177,490.455
4.3.4,1,use_vacuum_attachment,3.901,172.203
4.3.4,2,vacuum_floor,172.204,291.082
4.3.4,3,fold_socks,291.08299999999997,337.126
4.3.4,4,fold_shirts_or_pants,337.127,468.507
4.3.4,5,take_a_pill,468.508,496.531
4.3.4,6,put_on_bed_sheets,496.532,545.581
4.3.4,7,fold_blanket_or_comforter,545.582,598.373
4.3.5,1,fold_blanket_or_comforter,3.628,38.409
4.3.5,2,put_cases_on_pillows,38.41,118.489
4.3.5,3,fold_shirts_or_pants,118.49000000000001,264.887
4.3.5,4,fold_towels,264.888,330.448
4.3.5,5,vacuum_floor,330.449,432.308
4.3.5,6,use_vacuum_attachment,432.309,532.904
4.3.5,7,put_objects_in_drawers,532.905,553.916
4.3.6,1,fold_shirts_or_pants,2.908,137.421
4.3.6,2,fold_towels,137.422,192.462
4.3.6,3,use_vacuum_attachment,192.463,317.598
4.3.6,4,vacuum_floor,317.599,440.467
4.3.6,5,take_objects_out_of_drawers,440.468,470.745
4.3.6,6,put_cases_on_pillows,470.746,557.591
4.3.6,7,put_on_bed_sheets,557.592,614.638
4.3.7,1,torso_rotations,3.671,23.247
4.3.7,2,vacuum_floor,23.248,110.337
4.3.7,3,use_vacuum_attachment,110.338,220.942
4.3.7,4,put_on_bed_sheets,220.94299999999998,260.988
4.3.7,5,fold_blanket_or_comforter,260.989,319.55
4.3.7,6,fold_towels,319.551,375.844
4.3.7,7,fold_shirts_or_pants,375.845,478.939
4.3.8,1,fold_towels,2.653,58.933
4.3.8,2,fold_socks,58.934,123.254
4.3.8,3,use_vacuum_attachment,123.255,222.847
4.3.8,4,vacuum_floor,222.848,322.961
4.3.8,5,take_a_pill,322.962,362.488
4.3.8,6,put_cases_on_pillows,362.489,443.567
4.3.8,7,put_on_bed_sheets,443.568,505.129
4.3.9,1,clean_a_surface,3.404,75.028
4.3.9,2,use_vacuum_attachment,75.029,184.144
4.3.9,3,vacuum_floor,184.145,284.751
4.3.9,4,fold_blanket_or_comforter,284.752,327.286
4.3.9,5,put_cases_on_pillows,327.287,404.121
4.3.9,6,fold_shirts_or_pants,404.122,495.197
4.3.9,7,fold_towels,495.198,543.494
4.4.1,1,look_at_text_message,4.654,26.821
4.4.1,2,wash_face,26.822,58.106
4.4.1,3,shave_face,58.107,158.46
4.4.1,4,comb_hair,158.461,182.237
4.4.1,5,brush_teeth,182.238,291.089
4.4.1,6,use_mouthwash,291.09000000000003,333.136
4.4.10,1,comb_hair,5.407,96.436
4.4.10,2,wash_face,96.437,226.066
4.4.10,3,shave_face,226.067,386.224
4.4.10,4,floss_teeth,386.225,511.855
4.4.10,5,apply_chapstick,511.856,566.168
4.4.10,6,look_at_text_message,566.169,695.02
4.4.2,1,brush_hair,4.611,50.401
4.4.2,2,brush_teeth,50.402,275.88
4.4.2,3,floss_teeth,275.881,352.204
4.4.2,4,take_objects_out_of_drawers,352.205,374.227
4.4.2,5,wash_face,374.228,450.31
4.4.2,6,apply_lotion,450.311,536.906
4.4.3,1,shave_face,4.655,111.75200000000001
4.4.3,2,apply_lotion,111.753,211.066
4.4.3,3,brush_teeth,211.067,466.861
4.4.3,4,floss_teeth,466.862,578.963
4.4.3,5,use_hair_gel,578.9639999999999,699.837
4.4.3,6,take_a_pill,699.838,749.14
4.4.4,1,put_objects_in_drawers,5.167,31.348
4.4.4,2,comb_hair,31.349,100.173
4.4.4,3,wash_face,100.174,185.754
4.4.4,4,apply_lotion,185.755,288.397
4.4.4,5,use_mouthwash,288.398,377.441
4.4.4,6,apply_chapstick,377.442,409.722
4.4.5,1,comb_hair,4.359,75.676
4.4.5,2,shave_face,75.67699999999999,196.801
4.4.5,3,wash_face,196.802,273.874
4.4.5,4,torso_rotations,273.875,314.88
4.4.5,5,brush_teeth,314.881,512.613
4.4.5,6,use_mouthwash,512.614,579.929
4.4.6,1,shave_face,6.229,127.56700000000001
4.4.6,2,apply_lotion,127.568,204.176
4.4.6,3,look_at_text_message,204.177,275.017
4.4.6,4,brush_teeth,275.01800000000003,512.952
4.4.6,5,floss_teeth,512.953,584.3340000000001
4.4.6,6,comb_hair,584.335,636.356
4.4.7,1,wash_face,4.812,74.626
4.4.7,2,shave_face,74.627,164.204
4.4.7,3,use_hair_gel,164.20499999999998,246.306
4.4.7,4,brush_teeth,246.307,566.106
4.4.7,5,use_mouthwash,566.107,624.427
4.4.7,6,put_objects_in_drawers,624.428,652.435
4.4.8,1,wash_face,4.907,70.80199999999999
4.4.8,2,shave_face,70.803,178.912
4.4.8,3,use_hair_gel,178.913,264.04
4.4.8,4,look_at_text_message,264.041,346.32
4.4.8,5,brush_teeth,350.835,547.784
4.4.8,6,use_mouthwash,547.785,628.605
4.4.9,1,torso_rotations,4.409,50.754
4.4.9,2,wash_face,50.755,148.859
4.4.9,3,apply_lotion,148.86,279.76
4.4.9,4,floss_teeth,279.761,391.34
4.4.9,5,use_mouthwash,391.341,510.712
4.4.9,6,comb_hair,510.713,582.297
6.1.1,1,prepare_hot_oatmeal,6.174,164.852
6.1.1,2,prepare_a_bagel,164.853,425.855
6.1.1,3,prepare_orange_juice,425.856,474.152
6.1.1,4,prepare_instant_coffee,474.153,557.743
6.1.1,5,prepare_fresh_fruit,557.744,671.342
6.1.1,6,prepare_yogurt_with_granola,671.343,794.234
6.1.1,7,take_objects_out_of_drawers,794.235,820.999
6.1.10,1,prepare_milk,7.91,49.547
6.1.10,2,prepare_orange_juice,49.548,85.303
6.1.10,3,look_at_text_message,85.304,129.888
6.1.10,4,prepare_a_bagel,129.889,402.929
6.1.10,5,prepare_hot_oatmeal,402.93,526.282
6.1.10,6,prepare_yogurt_with_granola,526.283,643.895
6.1.10,7,prepare_toast,643.896,958.96
6.1.2,1,prepare_hot_oatmeal,5.945,160.602
6.1.2,2,prepare_a_bagel,160.603,365.054
6.1.2,3,prepare_milk,365.055,402.85699999999997
6.1.2,4,prepare_orange_juice,402.853,439.126
6.1.2,5,look_at_text_message,439.127,466.918
6.1.2,6,prepare_fresh_fruit,466.919,575.497
6.1.2,7,prepare_toast,575.498,748.678
6.1.3,1,prepare_orange_juice,10.42,58.11
6.1.3,2,prepare_milk,58.111,98.11500000000001
6.1.3,3,look_at_text_message,98.116,134.952
6.1.3,4,prepare_toast,134.953,298.868
6.1.3,5,prepare_fresh_fruit,298.869,403.474
6.1.3,6,prepare_a_bagel,403.475,595.417
6.1.3,7,prepare_hot_oatmeal,595.418,752.572
6.1.4,1,prepare_a_bagel,6.651,189.158
6.1.4,2,prepare_cereal,189.159,282.229
6.1.4,3,prepare_toast,282.23,431.4
6.1.4,4,prepare_yogurt_with_granola,431.401,583.547
6.1.4,5,prepare_tea,583.548,744.212
6.1.4,6,prepare_orange_juice,744.213,783.737
6.1.4,7,take_a_pill,783.738,826.789
6.1.5,1,prepare_yogurt_with_granola,5.918,124.306
6.1.5,2,prepare_fresh_fruit,124.307,245.191
6.1.5,3,prepare_milk,245.192,290.45799999999997
6.1.5,4,prepare_tea,290.459,441.625
6.1.5,5,look_at_text_message,441.626,476.418
6.1.5,6,prepare_hot_oatmeal,476.419,586.009
6.1.5,7,prepare_a_bagel,586.01,769.199
6.1.6,1,prepare_instant_coffee,5.426,138.699
6.1.6,2,prepare_milk,138.7,188.744
6.1.6,3,prepare_a_bagel,188.745,358.403
6.1.6,4,prepare_hot_oatmeal,358.404,469.772
6.1.6,5,prepare_yogurt_with_granola,469.773,572.113
6.1.6,6,prepare_fresh_fruit,572.114,708.258
6.1.6,7,look_at_text_message,708.259,759.813
6.1.7,1,take_objects_out_of_drawers,4.923,39.124
6.1.7,2,prepare_milk,39.125,78.929
6.1.7,3,prepare_orange_juice,78.93,121.919
6.1.7,4,prepare_a_bagel,121.92,345.192
6.1.7,5,prepare_cereal,345.193,422.284
6.1.7,6,prepare_yogurt_with_granola,422.285,538.359
6.1.7,7,prepare_fresh_fruit,538.36,643.488
6.1.8,1,prepare_toast,4.527,202.465
6.1.8,2,prepare_yogurt_with_granola,202.466,298.31600000000003
6.1.8,3,prepare_orange_juice,298.317,336.61
6.1.8,4,prepare_tea,336.611,502.767
6.1.8,5,clean_a_surface,502.76800000000003,572.543
6.1.8,6,prepare_hot_oatmeal,572.544,713.981
6.1.8,7,prepare_a_bagel,713.982,1137.916
6.1.9,1,look_at_text_message,4.41,33.588
6.1.9,2,prepare_yogurt_with_granola,33.589,122.425
6.1.9,3,prepare_fresh_fruit,122.426,229.277
6.1.9,4,prepare_a_bagel,229.278,426.97
6.1.9,5,prepare_hot_oatmeal,426.971,573.872
6.1.9,6,prepare_orange_juice,573.873,611.158
6.1.9,7,prepare_milk,611.159,645.2
6.2.1,1,eat_a_granola_bar,4.413,64.488
6.2.1,2,take_objects_out_of_drawers,64.489,83.99
6.2.1,3,drink_water,83.991,114.562
6.2.1,4,perform_jumping_jacks,114.563,195.618
6.2.1,5,sit_ups,195.619,320.214
6.2.1,6,shoulder_press,320.215,423.575
6.2.1,7,jump_rope,423.576,477.404
6.2.10,1,drink_water,5.939,30.78
6.2.10,2,torso_rotations,30.781,150.395
6.2.10,3,perform_jumping_jacks,150.39600000000002,223.964
6.2.10,4,do_stair_steps,223.965,317.804
6.2.10,5,eat_a_granola_bar,317.805,362.108
6.2.10,6,sit_ups,362.109,477.21500000000003
6.2.10,7,push_ups,477.216,537.27
6.2.2,1,drink_water,6.155,38.386
6.2.2,2,jump_rope,38.387,107.471
6.2.2,3,sit_ups,107.47800000000001,224.079
6.2.2,4,perform_jumping_jacks,224.07999999999998,314.408
6.2.2,5,push_ups,314.409,365.963
6.2.2,6,torso_rotations,365.964,481.575
6.2.2,7,drink_sport_drink,481.576,504.587
6.2.3,1,drink_sport_drink,4.93,20.791
6.2.3,2,put_objects_in_drawers,20.792,32.547
6.2.3,3,bicep_curls,32.548,162.696
6.2.3,4,shoulder_press,162.69299999999998,282.779
6.2.3,5,jump_rope,268.331,322.114
6.2.3,6,eat_a_granola_bar,326.139,384.744
6.2.3,7,perform_jumping_jacks,386.647,473.99
6.2.4,1,sit_ups,3.413,150.03300000000002
6.2.4,2,drink_water,150.034,171.80599999999998
6.2.4,3,eat_a_granola_bar,171.80700000000002,237.119
6.2.4,4,perform_jumping_jacks,237.12,320.95799999999997
6.2.4,5,look_at_text_message,320.959,345.233
6.2.4,6,jump_rope,345.234,407.79200000000003
6.2.4,7,bicep_curls,407.793,542.422
6.2.5,1,do_stair_steps,3.913,77.986
6.2.5,2,push_ups,77.987,143.04500000000002
6.2.5,3,take_a_pill,143.046,173.324
6.2.5,4,shoulder_press,173.325,269.192
6.2.5,5,eat_a_granola_bar,269.193,315.224
6.2.5,6,drink_sport_drink,315.225,341.773
6.2.5,7,jump_rope,341.774,404.555
6.2.6,1,push_ups,3.301,59.877
6.2.6,2,clean_a_surface,59.878,115.161
6.2.6,3,shoulder_press,115.162,235.026
6.2.6,4,perform_jumping_jacks,235.027,314.106
6.2.6,5,jump_rope,314.10699999999997,357.894
6.2.6,6,drink_water,357.895,373.717
6.2.6,7,drink_sport_drink,373.718,398.188
6.2.7,1,drink_water,3.408,35.906
6.2.7,2,shoulder_press,35.907,134.788
6.2.7,3,jump_rope,134.789,195.615
6.2.7,4,eat_a_granola_bar,195.61599999999999,253.67
6.2.7,5,sit_ups,253.671,370.787
6.2.7,6,perform_jumping_jacks,370.788,452.875
6.2.7,7,torso_rotations,452.876,503.929
6.2.8,1,perform_jumping_jacks,7.167,83.693
6.2.8,2,take_a_pill,83.694,107.977
6.2.8,3,drink_sport_drink,107.97800000000001,128.712
6.2.8,4,jump_rope,128.713,182.537
6.2.8,5,shoulder_press,182.538,299.925
6.2.8,6,eat_a_granola_bar,299.926,358.464
6.2.8,7,push_ups,358.46500000000003,417.29200000000003
6.2.9,1,perform_jumping_jacks,7.928,88.422
6.2.9,2,eat_a_granola_bar,88.423,142.47
6.2.9,3,shoulder_press,142.471,254.839
6.2.9,4,take_objects_out_of_drawers,254.84,271.606
6.2.9,5,push_ups,271.60699999999997,343.916
6.2.9,6,do_stair_steps,343.91700000000003,471.29200000000003
6.2.9,7,drink_water,471.293,501.798
6.3.1,1,fold_shirts_or_pants,6.687,163.775
6.3.1,2,fold_towels,163.776,229.332
6.3.1,3,fold_blanket_or_comforter,229.333,261.621
6.3.1,4,put_on_bed_sheets,261.622,288.896
6.3.1,5,clean_a_surface,288.897,337.697
6.3.1,6,use_hand_duster,337.698,366.224
6.3.1,7,vacuum_floor,366.225,432.304
6.3.10,1,put_cases_on_pillows,8.093,107.443
6.3.10,2,put_on_bed_sheets,107.444,242.825
6.3.10,3,look_at_text_message,242.826,299.879
6.3.10,4,vacuum_floor,299.88,415.009
6.3.10,5,use_hand_duster,415.01,499.329
6.3.10,6,fold_shirts_or_pants,499.33,717.801
6.3.10,7,fold_socks,717.802,774.859
6.3.2,1,fold_towels,7.903,83.687
6.3.2,2,fold_socks,83.688,128.006
6.3.2,3,fold_blanket_or_comforter,128.007,185.556
6.3.2,4,put_on_bed_sheets,185.557,305.91
6.3.2,5,take_objects_out_of_drawers,305.911,333.448
6.3.2,6,vacuum_floor,333.449,454.065
6.3.2,7,use_hand_duster,454.06600000000003,539.147
6.3.3,1,put_cases_on_pillows,7.655,99.777
6.3.3,2,put_on_bed_sheets,99.77799999999999,175.598
6.3.3,3,take_objects_out_of_drawers,175.599,207.858
6.3.3,4,fold_towels,207.859,268.16
6.3.3,5,fold_shirts_or_pants,268.161,538.183
6.3.3,6,use_vacuum_attachment,538.184,663.81
6.3.3,7,use_hand_duster,663.811,727.113
6.3.4,1,fold_socks,7.423,53.096
6.3.4,2,fold_shirts_or_pants,53.097,247.807
6.3.4,3,put_cases_on_pillows,247.808,338.411
6.3.4,4,put_on_bed_sheets,338.412,397.436
6.3.4,5,clean_a_surface,397.437,451.241
6.3.4,6,use_vacuum_attachment,451.242,559.361
6.3.4,7,use_hand_duster,559.362,641.684
6.3.5,1,put_objects_in_drawers,6.666,27.519
6.3.5,2,vacuum_floor,27.52,130.872
6.3.5,3,use_hand_duster,130.873,177.168
6.3.5,4,put_cases_on_pillows,177.16899999999998,282.523
6.3.5,5,put_on_bed_sheets,282.524,376.11
6.3.5,6,fold_socks,376.111,425.665
6.3.5,7,fold_towels,425.666,507.734
6.3.6,1,put_on_bed_sheets,7.929,115.02799999999999
6.3.6,2,put_cases_on_pillows,115.029,206.612
6.3.6,3,fold_socks,206.613,253.652
6.3.6,4,fold_shirts_or_pants,253.653,492.398
6.3.6,5,use_hand_duster,492.399,562.973
6.3.6,6,use_vacuum_attachment,562.974,688.346
6.3.6,7,clean_a_surface,688.347,766.683
6.3.7,1,put_on_bed_sheets,7.858,121.215
6.3.7,2,fold_blanket_or_comforter,121.216,161.711
6.3.7,3,fold_towels,161.712,233.324
6.3.7,4,fold_shirts_or_pants,233.325,464.811
6.3.7,5,vacuum_floor,464.812,585.655
6.3.7,6,use_vacuum_attachment,585.656,725.052
6.3.7,7,put_objects_in_drawers,725.053,744.842
6.3.8,1,put_cases_on_pillows,7.156,92.485
6.3.8,2,put_on_bed_sheets,92.48599999999999,189.813
6.3.8,3,look_at_text_message,189.814,230.6
6.3.8,4,use_vacuum_attachment,230.601,358.233
6.3.8,5,vacuum_floor,358.234,474.587
6.3.8,6,fold_towels,474.588,556.433
6.3.8,7,fold_socks,556.434,611.744
6.3.9,1,fold_socks,7.312,53.851
6.3.9,2,fold_shirts_or_pants,53.853,282.095
6.3.9,3,take_objects_out_of_drawers,282.096,302.85
6.3.9,4,use_vacuum_attachment,302.851,437.733
6.3.9,5,use_hand_duster,437.734,527.323
6.3.9,6,put_on_bed_sheets,527.324,630.426
6.3.9,7,fold_blanket_or_comforter,630.427,672.178
